Filename,F1,F2,F3,F4,F5,F6,F7,F8
emon-bangla.wav,647.4881501710789,1563.283965769024,2513.2787817808285,3421.1884868607826,4413.2173212063435,5499.782869619967,nan,nan
emon-english.wav,606.8802705253037,1633.2355783079988,2486.3041129464596,3387.693294776069,4445.378084951964,5541.689035212422,nan,nan
hridoy-bangla.wav,512.808962651506,1527.7411029905572,2632.488673671895,3632.365048945494,4466.542131513122,5645.569344429335,nan,nan
hridoy-English.wav,505.21031403107816,1653.3562052048621,2775.3397652876642,3729.701061937635,4575.423765499375,5733.810174100775,nan,nan
mehrin-bangla.wav,529.7228747769667,1631.4594668406032,2752.9129600377005,3776.9525496849474,4747.247891860443,5928.741407027495,nan,nan
mehrin-english.wav,508.2237525782726,1580.0659206767418,2665.9868147613574,3801.9231813951947,4831.732949305875,5976.395784500624,nan,nan
